{
  "week3-document-refinery-extractions": {
    "processing_time_ms": {
      "mean": 1830.2941176470588,
      "stddev": 619.3053532459691,
      "n": 102
    },
    "token_count.input": {
      "mean": 4888.156862745098,
      "stddev": 1893.6101606447382,
      "n": 102
    },
    "token_count.output": {
      "mean": 629.7058823529412,
      "stddev": 171.46489339811117,
      "n": 102
    },
    "extracted_facts.confidence": {
      "mean": 0.8681764705882352,
      "stddev": 0.0702520796020304,
      "n": 102
    },
    "extracted_facts.page_ref": {
      "mean": 7.431372549019608,
      "stddev": 4.168504739210829,
      "n": 102
    }
  },
  "_written_at": "2026-04-01T20:11:59.548770Z",
  "week1-intent-code-correlator": {
    "code_refs.line_start": {
      "mean": 20.076923076923077,
      "stddev": 19.098261432486197,
      "n": 13
    },
    "code_refs.line_end": {
      "mean": 55.61538461538461,
      "stddev": 20.666149704038816,
      "n": 13
    },
    "code_refs.confidence": {
      "mean": 0.863076923076923,
      "stddev": 0.06650621717611763,
      "n": 13
    }
  },
  "week2-digital-courtroom-verdicts": {},
  "langsmith-trace-records": {
    "total_tokens": {
      "mean": 3851.1684210526314,
      "stddev": 1576.753793248672,
      "n": 95
    },
    "prompt_tokens": {
      "mean": 3187.6315789473683,
      "stddev": 1516.4731343077817,
      "n": 95
    },
    "completion_tokens": {
      "mean": 663.5368421052632,
      "stddev": 294.70583279524453,
      "n": 95
    },
    "total_cost": {
      "mean": 0.019515947368421053,
      "stddev": 0.006687396429690614,
      "n": 95
    }
  },
  "week5-axiom-ledger-events": {
    "event_version": {
      "mean": 1.0175292153589315,
      "stddev": 0.13128720255648096,
      "n": 1198
    },
    "payload.loan_term_months": {
      "mean": 41.793103448275865,
      "stddev": 13.075001530578515,
      "n": 29
    },
    "payload.file_size_bytes": {
      "mean": 212401.88043478262,
      "stddev": 100717.81640767735,
      "n": 92
    },
    "payload.fiscal_year": {
      "mean": 2024.0,
      "stddev": 0.0,
      "n": 69
    },
    "payload.context_token_count": {
      "mean": 1569.0338983050847,
      "stddev": 576.8933435788418,
      "n": 59
    },
    "payload.validation_duration_ms": {
      "mean": 134.23728813559322,
      "stddev": 57.03699313272434,
      "n": 59
    },
    "payload.node_sequence": {
      "mean": 3.204152249134948,
      "stddev": 1.7588615096342999,
      "n": 289
    },
    "payload.llm_tokens_input": {
      "mean": 2034.56,
      "stddev": 718.0306161399287,
      "n": 50
    },
    "payload.llm_tokens_output": {
      "mean": 539.4,
      "stddev": 219.75988752105172,
      "n": 50
    },
    "payload.llm_cost_usd": {
      "mean": 0.014194680000000001,
      "stddev": 0.003982323634282285,
      "n": 50
    },
    "payload.duration_ms": {
      "mean": 1509.1245674740485,
      "stddev": 2890.506909308884,
      "n": 289
    },
    "payload.page_count": {
      "mean": 3.3333333333333335,
      "stddev": 1.0954451150103321,
      "n": 36
    },
    "payload.tool_duration_ms": {
      "mean": 3966.78,
      "stddev": 2850.945373387715,
      "n": 50
    },
    "payload.raw_text_length": {
      "mean": 4054.3888888888887,
      "stddev": 1179.606454416721,
      "n": 36
    },
    "payload.tables_extracted": {
      "mean": 3.8055555555555554,
      "stddev": 1.090725694059941,
      "n": 36
    },
    "payload.processing_ms": {
      "mean": 5126.694444444444,
      "stddev": 1643.8322093631339,
      "n": 36
    },
    "payload.overall_confidence": {
      "mean": 0.8817737965814574,
      "stddev": 0.04741679689176341,
      "n": 18
    },
    "payload.documents_processed": {
      "mean": 3.0,
      "stddev": 0.0,
      "n": 18
    },
    "payload.quality_flag_count": {
      "mean": 0.0,
      "stddev": 0.0,
      "n": 18
    },
    "payload.total_nodes_executed": {
      "mean": 5.016949152542373,
      "stddev": 1.5368073199816787,
      "n": 59
    },
    "payload.total_llm_calls": {
      "mean": 0.847457627118644,
      "stddev": 0.3626321077722928,
      "n": 59
    },
    "payload.total_tokens_used": {
      "mean": 2378.6949152542375,
      "stddev": 1358.9092387321643,
      "n": 59
    },
    "payload.total_cost_usd": {
      "mean": 0.021080508474576272,
      "stddev": 0.013756453585653437,
      "n": 59
    },
    "payload.total_duration_ms": {
      "mean": 24517.050847457627,
      "stddev": 14587.769763393708,
      "n": 59
    },
    "payload.analysis_duration_ms": {
      "mean": 28991.285714285714,
      "stddev": 8342.148039449306,
      "n": 14
    },
    "payload.fraud_score": {
      "mean": 0.13636363636363635,
      "stddev": 0.05445598723239297,
      "n": 11
    },
    "payload.anomalies_found": {
      "mean": 0.0,
      "stddev": 0.0,
      "n": 11
    },
    "payload.rules_evaluated": {
      "mean": 5.222222222222222,
      "stddev": 1.5634719199411433,
      "n": 9
    },
    "payload.rules_passed": {
      "mean": 4.111111111111111,
      "stddev": 1.536590742882148,
      "n": 9
    },
    "payload.rules_failed": {
      "mean": 0.3333333333333333,
      "stddev": 0.5,
      "n": 9
    },
    "payload.rules_noted": {
      "mean": 0.7777777777777778,
      "stddev": 0.44095855184409843,
      "n": 9
    },
    "payload.confidence": {
      "mean": 0.7371428571428572,
      "stddev": 0.10011897684160341,
      "n": 7
    }
  }
}